City,Country,Latitude,LatMinutes,Logitude,LogMinutes,Timezone
AALBORG,DENMARK,57,3,9,56,+1
AARHUS,DENMARK,56,10,10,13,+1
ABERDEEN,SCOTLAND,57,8,-2,6,0
ABIDJAN,IVORY COAST,5,19,-4,2,0
ABILENE,TEXAS,32,28,-99,43,0
ABU DHABI,UNITED ARAB EMIRATES,24,28,54,25,+4
ACAPULCO,MEXICO,16,50,-99,55,-6
ACCRA,GHANA,5,33,0,15,0
ADANA,TURKEY,37,0,35,19,+2
ADDIS ABABA,ETHIOPIA,9,2,38,47,+3
ADELAIDE,AUSTRALIA,-34,56,138,36,+10
ADEN,SOUTH YEMEN,12,46,45,1,+3
AGADEZ,NIGER,17,0,7,56,+1
AGADIR,MOROCCO,30,30,-9,40,+1
AHMEDABAD,INDIA,23,0,72,40,+6
AKRON,OHIO,41,5,81,31,0
AKUREYRI,ICELAND,65,41,-18,4,0
AKYAB,BURMA,20,9,92,55,+7
AL-MOBARRAZ,SAUDI ARABIA,25,26,49,37,+3
AL OBEID,SUDAN,13,11,30,10,+2
ALBANY,GEORGIA,31,34,-84,9,0
ALBANY,NEW YORK,42,39,-73,45,0
ALBUQUERQUE,NEW MEXICO,35,5,-106,39,0
ALEPPO,SYRIA,36,14,37,10,+3
ALEXANDRIA,EGYPT,31,13,29,55,+2
ALEXANDRIA,LOUISIANA,31,18,-92,27,0
ALEXANDRIA,VIRGINIA,38,48,-77,3,0
ALGIERS,ALGERIA,36,47,3,3,+1
ALLENTOWN,PENNSYLVANIA,40,36,-75,28,0
ALTOONA,PENNSYLVANIA,40,31,-78,24,0
AMADORA,PORTUGAL,38,45,-9,13,0
AMARILLO,TEXAS,35,12,-101,50,0
AMBATO,ECUADOR,-1,18,-78,39,-5
AMMAN,JORDAN,31,57,35,56,+2
AMSTERDAM,NETHERLANDS,52,23,4,54,+1
AN NAJAF,IRAQ,31,59,44,19,+3
ANAHEIM,CALIFORNIA,33,50,-117,55,0
ANCHORAGE,ALASKA,61,13,-149,53,-9
ANDORRA LA VELLA,ANDORRA,42,30,1,30,+1
ANGELES CITY,PHILIPPINES,15,9,120,33,+8
ANKARA,TURKEY,39,56,32,52,+2
ANN ARBOR,MICHIGAN,42,17,-83,45,0
ANNABA,ALGERIA,36,55,7,47,+1
ANNAPOLIS,MARYLAND,38,59,-76,30,0
ANTANANARIVO,MADAGASCAR,-18,52,47,30,+3
ANTOFAGASTA,CHILE,-23,39,-70,24,-4
ANTSIRABE,MADAGASCAR,-19,51,47,1,+3
ANTSIRANANA,MADAGASCAR,-12,25,49,20,+3
ANTWERP,BELGIUM,51,13,4,25,+1
APELDOORN,NETHERLANDS,52,13,5,57,+1
APIA,SAMOA,-13,50,-171,44,-12
AREQUIPA,PERU,-16,24,-71,33,-5
ARIANA,TUNISIA,36,52,10,12,+1
ARICA,CHILE,-18,30,-70,20,-4
ARLINGTON,VIRGINIA,38,53,-77,7,0
ARUSHA,TANZANIA,-3,23,36,40,+3
ASHEVILLE,NORTH CAROLINA,35,36,-82,33,0
ASMARA,ETHIOPIA,15,20,38,58,+3
ASUNCION,PARAGUAY,-25,16,-57,40,-4
ASYUT,EGYPT,27,14,31,7,+2
ATBARA,SUDAN,17,42,34,0,+2
ATHENS,GREECE,37,58,23,43,+2
ATLANTA,GEORGIA,33,45,-84,24,0
ATLANTIC CITY,NEW JERSEY,39,22,-74,26,0
AUCKLAND,NEW ZEALAND,-36,51,174,45,+12
AUGUSTA,GEORGIA,33,28,-81,58,0
AUSTIN,TEXAS,30,16,-97,45,0
BACOLOD CITY,PHILIPPINES,10,38,122,58,+8
BAGHDAD,IRAQ,33,21,44,25,+3
BAHIA BLANCA,ARGENTINA,-38,45,-62,15,-3
BAKERSFIELD,CALIFORNIA,35,22,-119,1,0
BAKHTARAN,IRAN,31,28,54,54,+4
BAKU,USSR,40,23,49,51,+4
BALTIMORE,MARYLAND,39,17,-76,37,0
BAMAKO,MALI,12,40,-7,59,0
BANDAR SERI BEGAWAN,BRUNEI,4,56,114,58,+8
BANDUNG,INDONESIA,-6,57,107,34,+7
BANGALORE,INDIA,12,58,77,35,+6
BANGKOK,THAILAND,13,45,100,31,+7
BANGOR,MAINE,44,48,-68,46,0
BANGUI,CENTRAL AFRICAN REPUBLIC,4,23,18,37,+1
BANJUL,GAMBIA,13,28,-16,39,0
BARCELONA,SPAIN,41,23,2,11,+1
BARCELONA,VENEZUELA,10,8,-64,43,-4
BARI,ITALY,41,7,16,52,+1
BARQUISIMETO,VENEZUELA,10,3,-69,18,-4
BARRANQUILLA,COLUMBIA,10,59,-74,48,-5
BARREIRO,PORTUGAL,38,40,-9,5,0
BASEL,SWITZERLAND,47,33,7,36,+1
BASRA,IRAQ,30,30,47,50,+3
BASSEIN,BURMA,16,46,94,45,+7
BASSETERRE,ST. KITTS-NEVIS,17,17,-62,43,-4
BATA,EQUATORIAL GUINEA,1,51,9,46,+1
BATON ROUGE,LOUISIANA,30,27,-91,11,0
BEAUMONT,TEXAS,30,5,-94,6,0
BEERSHEBA,ISRAEL,31,15,34,47,+2
BEIJING,CHINA,39,56,116,24,+8
BEIRA,MOZAMBIQUE,-19,49,34,52,+2
BEIRUT,LEBANON,33,53,35,30,+2
BELEM,BRAZIL,-1,27,-48,29,-3
BELFAST,NORTHERN IRELAND,54,36,-5,56,0
BELGRADE,YUGOSLAVIA,44,50,20,30,+1
BELIZE,BELIZE,17,30,-88,12,-6
BELMOPAN,BELIZE,17,13,-88,48,-6
BELO HORIZONTE,BRAZIL,-19,54,-43,54,-3
BENE BERAQ,ISRAEL,32,5,34,52,+2
BENGHAZI,LIBYA,32,7,20,4,+1
BERBERA,SOMALIA,10,28,45,2,+3
BERGEN,NORWAY,60,23,5,20,+1
BERLIN,GERMANY,52,33,13,22,+1
BERN,SWITZERLAND,46,57,7,28,+1
BETHLEHEM,PENNSYLVANIA,40,37,-75,23,0
BIEL,SWITZERLAND,46,27,8,13,+1
BILBAO,SPAIN,43,15,-2,56,+1
BILLINGS,MONTANA,45,47,-108,30,0
BILOXI,MISSISSIPPI,30,24,-88,53,0
BINGHAMTON,NEW YORK,42,6,-75,55,0
BIRMINGHAM,ALABAMA,33,31,-86,49,0
BIRMINGHAM,ENGLAND,52,29,-1,53,0
BISMARCK,NORTH DAKOTA,46,48,-100,47,0
BISSAU,GUINEA-BISSAU,11,52,-15,39,0
BIZERTA,TUNISIA,37,18,9,52,+1
BLANTYRE,MALAWI,-15,46,35,0,+2
BLIDA,ALGERIA,36,30,2,50,+1
BO,SIERRA LEONE,7,58,-11,45,0
BOBO-DIOULASSO,BURKINA FASO,11,11,-4,18,0
BOGATA,COLUMBIA,4,36,-74,5,-5
BOISE,IDAHO,43,37,-116,12,0
BOLOGNA,ITALY,44,30,11,20,+1
BOMBAY,INDIA,18,58,72,50,+6
BONN,GERMANY,50,44,7,6,+1
BORAS,SWEDEN,57,44,12,55,+1
BORDEAUX,FRANCE,44,50,0,34,+1
BOSTON,MASSACHUSETTS,42,21,-71,3,0
BOUAKE,IVORY COAST,7,42,-5,0,0
BOULDER,COLORADO,40,1,-105,17,0
BOULOGNE,FRANCE,50,43,1,37,+1
BRADFORD,ENGLAND,53,48,-1,45,0
BRAGA,PORTUGAL,41,32,-8,26,0
BRAILA,ROMANIA,45,17,27,58,+2
BRASILIA,BRAZIL,-15,47,-47,55,-3
BRASOV,ROMANIA,45,39,25,35,+2
BRATISLAVA,CZECHOSLOVAKIA,48,10,17,10,+1
BRAZZAVILLE,CONGO,-4,14,15,14,+1
BREMEN,GERMANY,53,5,8,48,+1
BRIDGEPORT,CONNECTICUT,41,11,-73,11,0
BRIDGETOWN,BARBADOS,13,6,-59,37,-4
BRISBANE,AUSTRALIA,-27,30,153,1,+10
BRISTOL,UNITED KINGDOM,51,27,-2,35,0
BRNO,CZECHOSLOVAKIA,49,13,16,40,+1
BROWNSVILLE,TEXAS,25,54,-97,30,0
BRUGES,BELGIUM,51,13,3,14,+1
BRUSSELS,BELGIUM,50,50,4,20,+1
BUCARAMANGA,COLOMBIA,7,8,-73,10,-5
BUCHAREST,ROMANIA,44,26,26,6,+2
BUDAPEST,HUNGARY,47,30,19,5,+1
BUENOS AIRES,ARGENTINA,-34,36,-58,27,-3
BUFFALO,NEW YORK,42,53,-78,52,0
BUJUMBURA,BURUNDI,-3,22,29,19,+2
BUKAVU,ZAIRE,-2,30,28,50,+2
BULAWAYO,ZIMBABWE,-20,10,28,43,+2
BURAIDAH,SAUDI ARABIA,26,20,43,59,+3
BURGAS,BULGARIA,42,30,27,29,+2
BURLINGTON,VERMONT,44,29,-73,13,0
BURSA,TURKEY,40,12,29,4,+2
BUTARE,RWANDA,-2,35,29,44,+2
BUTTE,MONTANA,46,0,-112,32,0
BYDGOSZCZ,POLAND,53,16,18,0,+1
CAGAYAN DE ORO CITY,PHILIPPINES,8,29,124,40,+8
CAIRO,EGYPT,30,3,31,15,+2
CALCUTTA,INDIA,22,32,88,22,+6
CALGARY,CANADA,51,3,-114,5,-7
CALI,COLUMBIA,3,27,-76,31,-5
CALLAO,PERU,-12,5,-77,8,-5
CALOOCAN CITY,PHILIPPINES,14,38,120,58,+8
CAM RANH,VIETNAM,11,54,109,14,+7
CAMAGUEY,CUBA,21,25,-77,55,-5
CAMDEN,NEW JERSEY,39,57,-75,7,0
CANBERRA,AUSTRALIA,-35,20,149,10,+10
CANEA,GREECE,35,31,24,1,+2
CANTON,CHINA (GUANGZHOU),23,7,113,15,+8
CANTON,OHIO,40,48,-81,23,0
CAP-HAITIEN,HAITI,19,47,-72,17,-5
CAPE TOWN,SOUTH AFRICA,-33,55,18,27,+2
CARACAS,VENEZUELA,10,30,-66,55,-4
CARDIFF,WALES,51,29,-3,10,0
CARTAGENA,COLOMBIA,10,24,-75,33,-5
CASABLANCA,MOROCCO,33,36,-7,37,+1
CASPER,WYOMING,42,51,-106,19,0
CASTRIES,ST. LUCIA,14,1,-60,59,-4
CATANIA,ITALY,37,31,15,4,+1
CAYENNE,FRENCH GUIANA,4,56,-52,20,-3
CEBU CITY,PHILIPPINES,10,17,123,56,+8
CEDAR RAPIDS,IOWA,41,58,-91,40,0
CHAMPAIGN,ILLINOIS,40,7,-88,15,0
CHARLEROI,BELGIUM,50,25,4,27,+1
CHARLESTON,SOUTH CAROLINA,32,47,-79,56,0
CHARLESTON,WEST VIRGINIA,38,21,-81,38,0
CHARLOTTE,NORTH CAROLINA,35,13,-80,51,0
CHARLOTTESVILLE,VIRGINIA,38,2,-78,30,0
CHATTANOOGA,TENNESSEE,35,3,-85,19,0
CHENGDU,CHINA,30,37,104,6,+8
CHEYENNE,WYOMING,41,8,-104,49,0
CHIALI,TAIWAN,23,9,120,11,+8
CHIANG MAI,THAILAND,18,48,98,59,+7
CHICAGO,ILLINOIS,41,52,-87,38,0
CHICLAYO,PERU,-6,47,-79,47,-5
CHIHUAHUA,MEXICO,28,38,-106,5,-6
CHILLAN,CHILE,-36,37,-72,10,-4
CHIMBOTE,PERU,-9,4,-78,34,-5
CHINGOLA,ZAMBIA,-12,31,27,53,+2
CHISIMAYU,SOMALIA,0,25,42,31,+3
CHITTAGONG,BANGLADESH,22,20,91,48,+6
CHITUNGWIZA,ZIMBABWE,-18,0,31,6,+2
CHOLUTECA,HONDURAS,13,15,-87,10,-6
CHON BURI,THAILAND,13,24,100,59,+7
CHONGJIN,NORTH KOREA,41,50,129,55,+9
CHONGQING,CHINA,29,30,106,35,+8
CHOYBALSAN,MONGOLIA,48,2,114,32,+8
CHRISTCHURCH,NEW ZEALAND,-43,35,172,36,+12
CHUNGLI,TAIWAN,24,55,121,8,+8
CINCINNATI,OHIO,39,6,-84,31,0
CIRCLEVILLE,OHIO,39,34,-83,2,0
CIUDAD GUAYANA,VENEZUELA,8,22,-62,37,-4
CIUDAD JUAREZ,MEXICO,31,42,-106,29,-6
CLARKSVILLE,TENNESSEE,36,32,-87,21,0
CLEVELAND,OHIO,41,30,-81,42,0
CLUJ-NAPOCA,ROMANIA,46,47,23,37,+2
COCHABAMBA,BOLIVIA,-17,24,-66,9,-4
COIMBRA,PORTUGAL,40,12,-8,25,0
COLOGNE,GERMANY,50,56,6,57,+1
COLOMBO,SRI LANKA,6,56,79,51,+6
COLON,PANAMA,9,21,-79,54,-5
COLORADO SPRINGS,COLORADO,38,50,-104,49,0
COLUMBIA,MISSOURI,38,57,-92,20,0
COLUMBIA,SOUTH CAROLINA,34,0,-81,2,0
COLUMBUS,GEORGIA,32,28,-84,59,0
COLUMBUS,OHIO,39,58,-83,0,0
CONAKRY,GUINEA,9,31,-13,43,0
CONCEPCION,CHILE,-36,50,-73,3,-4
CONCEPCION,PARAGUAY,-23,22,-57,26,-4
CONCORD,NEW HAMPSHIRE,43,12,-71,32,0
CONSTANTA,ROMANIA,44,12,28,40,+2
CONSTANTINE,ALGERIA,36,22,6,40,+1
COPENHAGEN,DENMARK,55,40,12,35,+1
CORDOBA,ARGENTINA,-31,24,-64,11,-3
CORK,IRELAND,51,54,-8,28,0
COROZAL,BELIZE,18,23,-88,23,-6
CORPUS CHRISTI,TEXAS,27,48,-97,24,0
COTONOU,BENIN,6,24,2,31,+1
CRAIOVA,ROMANIA,44,18,23,47,+2
CUCUTA,COLOMBIA,7,55,-72,31,-5
CUENCA,ECUADOR,-2,54,-79,0,-5
CURITIBA,BRAZIL,-25,25,-49,15,-3
CUZCO,PERU,-13,32,-71,57,-5
DA NANG,VIETNAM,16,4,108,14,+7
DACCA,BANGLADESH,23,43,90,25,+6
DAEGU,SOUTH KOREA,35,52,128,36,+9
DAKAR,SENEGAL,14,40,-17,26,0
DAKHLA,WESTERN SAHARA,23,50,-15,33,0
DALLAS,TEXAS,32,47,-96,48,0
DALOA,IVORY COAST,6,56,-6,28,0
DAMASCUS,SYRIA,33,30,36,18,+3
DAMMAM,SAUDI ARABIA,26,25,50,6,+3
DANBURY,CONNECTICUT,41,24,-73,28,0
DANGRIGA,BELIZE,16,59,-88,13,-6
DAR ES SALAAM,TANZANIA,-6,48,39,17,+3
DARHAN,MONGOLIA,46,29,109,24,+8
DAVAO,PHILIPPINES,7,4,125,36,+8
DAVID,PANAMA,8,26,-82,26,-5
DAYTON,OHIO,39,46,-84,12,0
DAYTONA BEACH,FLORIDA,29,13,-81,1,0
DEBRECEN,HUNGARY,47,30,21,37,+1
DEHIWALA,SRI LANKA,6,52,79,52,+6
DEIR EZ-ZOR,SYRIA,35,20,40,5,+3
DENVER,COLORADO,39,45,-104,59,0
DES MOINES,IOWA,41,35,-93,37,0
DETROIT,MICHIGAN,42,20,-83,3,0
DIFFERDANGE,LUXEMBOURG,49,32,5,53,+1
DJERBA,TUNISIA,33,52,10,51,+1
DJIBOUTI,DJIBOUTI,11,30,45,5,+3
DODOMA,TANZANIA,-6,10,35,40,+3
DOHA,QATAR,25,15,51,36,+3
DONETSK,USSR,48,0,37,48,+3
DORTMUND,GERMANY,51,32,7,27,+1
DOUALA,CAMEROON,4,4,9,43,+1
DRAMMEN,NORWAY,59,45,10,15,+1
DRESDEN,GERMANY,51,3,13,45,+1
DUBAI,UNITED ARAB EMIRATES,25,14,55,17,+4
DUBLIN,IRELAND,53,20,-6,15,0
DUDELANGE,LUXEMBOURG,49,28,6,5,+1
DULUTH,MINNESOTA,46,47,-92,6,0
DUNEDIN,NEW ZEALAND,-45,52,170,30,+12
DURBAN,SOUTH AFRICA,-29,53,31,0,+2
DURHAM,NORTH CAROLINA,36,0,-78,55,0
DURRES,ALBANIA,41,18,19,28,+1
DUSSELDORF,GERMANY,51,13,6,47,+1
EDINBURGH,SCOTLAND,55,57,-3,12,0
EDMONTON,CANADA,53,33,-113,28,-7
EINDHOVEN,NETHERLANDS,51,26,5,30,+1
EL MAHALLA EL KOUBRA,EGYPT,30,59,31,10,+2
EL-MANSOURA,EGYPT,31,3,31,23,+2
EL PASO,TEXAS,31,46,-106,29,0
ELIZABETH,NEW JERSEY,40,40,-74,13,0
ELMIRA,NEW YORK,42,6,-76,48,0
ELSINORE,DENMARK,56,3,12,38,+1
ENCARNACION,PARAGUAY,-27,20,-55,50,-4
ENSCHEDE,NETHERLANDS,52,13,6,55,+1
ENTEBBE,UGANDA,0,4,32,27,+3
ERDENET,MONGOLIA,46,18,100,35,+8
ERFURT,GERMANY,50,58,11,2,+1
ERIE,PENNSYLVANIA,42,7,-80,5,0
ESBJERG,DENMARK,55,28,8,28,+1
ESCH,LUXEMBOURG,49,32,6,0,+1
ESCUINTLA,GUATEMALA,14,18,-90,47,-6
ESMERALDAS,ECUADOR,0,56,-79,40,-5
ESPOO,FINLAND,60,10,24,42,+2
ESSEN,GERMANY,52,43,7,56,+1
EUGENE,OREGON,44,3,-123,5,0
EVANSVILLE,INDIANA,37,58,-87,34,0
FAIRBANKS,ALASKA,64,51,-147,43,-9
FAISALABAD,PAKISTAN,31,25,73,9,+5
FARGO,NORTH DAKOTA,46,52,-96,47,0
FAYETTEVILLE,NORTH CAROLINA,35,3,-78,53,0
FERNANDO DE LA MORA,PARAGUAY,-25,19,-57,36,-4
FEZ,MOROCCO,34,5,-5,0,+1
FIARNARANTSOA,MADAGASCAR,-21,27,47,5,+3
FLINT,MICHIGAN,43,1,-83,42,0
FLORENCE,ITALY,43,46,11,15,+1
FORT DE FRANCE,MARTINIQUE,14,36,-61,5,-4
FORT LAUDERDALE,FLORIDA,26,7,-80,8,0
FORT SMITH,ARKANSAS,35,23,-94,25,0
FORT WAYNE,INDIANA,41,4,-85,8,0
FORT WORTH,TEXAS,32,45,-97,20,0
FORTALEZA,BRAZIL,-3,45,-38,35,-3
FRANCISTOWN,BOTSWANA,-21,7,27,32,+2
FRANKFURT,GERMANY,50,7,8,41,+1
FREEPORT,BAHAMAS,26,30,-78,42,-5
FREETOWN,SIERRA LEONE,8,29,-13,13,0
FRESNO,CALIFORNIA,36,44,-119,47,0
FT LAUDERDALE,FLORIDA,26,7,-80,8,0
FT SMITH,ARKANSAS,35,23,-94,25,0
FT WAYNE,INDIANA,41,4,-85,8,0
FT WORTH,TEXAS,32,45,-97,20,0
FT. WORTH,TEXAS,32,45,-97,20,0
FUKUOKA,JAPAN,33,39,130,21,+9
FUNAFUTI,TUVALU,-8,30,179,12,+12
FUNCHAL,PORTUGAL,40,8,-7,30,0
GABORONE,BOTSWANA,-24,45,25,55,+2
GAINESVILLE,FLORIDA,29,40,-82,20,0
GALATI,ROMANIA,45,27,28,2,+2
GALLE,SRI LANKA,6,1,80,13,+6
GALVESTON,TEXAS,29,18,-94,48,0
GALWAY,IRELAND,53,16,-9,3,0
GAO,MALI,16,19,0,9,0
GARLAND,TEXAS,32,54,-96,38,0
GARY,INDIANA,41,36,-87,20,0
GASIANTEP,TURKEY,37,6,37,23,+2
GDANSK,POLAND,54,20,18,40,+1
GEELONG,AUSTRALIA,-38,10,144,26,+10
GENEVA,SWITZERLAND,46,12,6,10,+1
GENOA,ITALY,44,24,8,56,+1
GEORGETOWN,GUYANA,6,46,-58,10,-3
GEORGETOWN,MALAYSIA,5,30,100,28,+8
GERMISTON,SOUTH AFRICA,-26,15,28,10,+2
GHENT,BELGIUM,51,2,3,42,+1
GIBRALTAR,GIBRALTAR,36,6,-5,21,+1
GIZA,EGYPT,30,1,31,10,+2
GLASGOW,SCOTLAND,55,51,-4,16,0
GOLD COAST,AUSTRALIA,-27,59,153,22,+10
GORKY,USSR,56,20,44,0,+4
GOTHENBURG,SWEDEN,57,43,11,58,+1
GRANADA,NICARAGUA,11,58,-85,59,-6
GRAND FORKS,NORTH DAKOTA,47,55,-97,3,0
GRAND RAPIDS,MICHIGAN,42,58,-85,40,0
GRAZ,AUSTRIA,47,5,15,22,+1
GREAT FALLS,MONTANA,47,30,-111,17,0
GREEN BAY,WISCONSIN,44,31,-88,1,0
GREENSBORO,NORTH CAROLINA,36,4,-79,47,0
GREENVILLE,SOUTH CAROLINA,34,51,-82,24,0
GRONINGEN,NETHERLANDS,53,13,6,34,+1
GUADALAJARA,MEXICO,20,40,-103,20,-6
GUANGZHOU,CHINA (CANTON),23,7,113,15,+8
GUANTANAMO,CUBA,19,59,-75,10,-5
GUATEMALA CITY,GUATEMALA,14,38,-90,31,-6
GUAYAQUIL,ECUADOR,-2,10,-79,50,-5
GUJRANWALA,PAKISTAN,32,6,74,11,+5
GULF PORT,MISSISSIPPI,30,22,-89,5,0
GWERU,ZIMBABWE,-19,27,29,49,+2
GYOR,HUNGARY,47,41,17,40,+1
HAARLEM,NETHERLANDS,52,23,4,38,+1
HAIFA,ISRAEL,32,49,34,59,+2
HAIPHONG,VIETNAM,20,50,106,41,+7
HALLE,GERMANY,51,28,11,58,+1
HAMA,SYRIA,35,5,36,40,+3
HAMBURG,GERMANY,53,33,10,0,+1
HAMILTON,BERMUDA,32,17,-64,46,-4
HAMILTON,CANADA,43,14,-79,51,-5
HAMILTON,NEW ZEALAND,-37,46,175,18,+12
HAMPTON,VIRGINIA,37,1,-76,20,0
HANOI,VIETNAM,21,2,105,51,+7
HANOVER,GERMANY,52,22,9,43,+1
HARARE,ZIMBABWE,-17,50,31,3,+2
HARBIN,CHINA,45,45,126,41,+8
HARGEYSA,SOMALIA,9,31,44,2,+3
HARRISBURG,PENNSYLVANIA,40,16,-76,53,0
HARTFORD,CONNECTICUT,41,46,-72,41,0
HAVANA,CUBA,23,8,-82,22,-5
HELENA,MONTANA,46,36,-112,2,0
HELSINGBORG,SWEDEN,56,5,12,45,+1
HELSINKI,FINLAND,60,10,24,58,+2
HERAT,AFGHANISTAN,34,20,62,12,+5
HIGH POINT,NORTH CAROLINA,35,57,-80,0,0
HILO,HAWAII,19,43,-155,5,0
HIROSHIMA,JAPAN,34,23,132,27,+9
HO CHI MINH CITY,VIETNAM,10,45,106,40,+7
HOBART,AUSTRALIA,-42,55,147,20,+10
HODEIDA,NORTH YEMEN,14,50,42,58,+3
HOLGUIN,CUBA,20,54,-76,15,-5
HOLMS,SYRIA,34,44,37,17,+3
HOLON,ISRAEL,32,2,34,47,+2
HONG KONG,HONG KONG,22,17,114,9,+8
HONIARA,SOLOMON ISLANDS,-9,28,159,57,+11
HONOLULU,HAWAII,21,19,-157,52,0
HORSENS,DENMARK,57,7,10,7,+1
HOSPITALET,SPAIN,41,21,2,6,+1
HOUSTON,TEXAS,29,45,-95,22,0
HSINCHU,TAIWAN,24,48,120,59,+8
HUAMBO,ANGOLA,-12,44,15,47,+1
HUFUF,SAUDI ARABIA,25,20,49,34,+3
HUNGNAM,NORTH KOREA,39,49,127,40,+9
HUNTINGTON,WEST VIRGINIA,38,25,-82,27,0
HUNTSVILLE,ALABAMA,34,44,-86,35,0
HYDERABAD,INDIA,17,22,78,26,+6
HYDERABAD,PAKISTAN,25,23,68,24,+5
IASI,ROMANIA,47,9,27,38,+2
IBADAN,NIGERIA,7,23,3,56,+1
IBAGUE,COLOMBIA,4,25,-75,20,-5
IDAHO FALLS,IDAHO,43,29,-112,2,0
ILOILO,PHILIPPINES,10,41,122,33,+8
INCHON,SOUTH KOREA,37,30,126,38,+9
INDEPENDENCE,MISSOURI,39,6,-94,25,0
INDIANAPOLIS,INDIANA,39,46,-86,10,0
INNSBRUCK,AUSTRIA,47,16,11,24,+1
IPOH,MALAYSIA,4,36,101,2,+8
IQUITOS,PERU,-3,51,-73,13,-5
IRAKLION,GREECE,35,20,25,12,+2
IRBID,JORDAN,32,33,35,51,+2
IRKUTSK,USSR,52,16,104,20,+8
ISFAHAN,IRAN,32,41,51,41,+4
ISLAMABAD,PAKISTAN,33,42,73,10,+5
ISTAMBUL,TURKEY,41,1,28,58,+2
IZMIR,TURKEY,38,25,27,10,+2
JACKSON,MISSISSIPPI,32,18,-90,11,0
JACKSONVILLE,FLORIDA,30,20,-81,40,0
JAFFNA,SRI LANKA,9,40,80,1,+6
JAIPUR,INDIA,26,53,75,50,+6
JAKARTA,INDONESIA,-6,10,106,49,+7
JALALABAD,AFGHANISTAN,34,26,70,28,+5
JEDDAH,SAUDI ARABIA,21,30,39,10,+3
JEFFERSON CITY,MISSOURI,38,34,-92,10,0
JERSEY CITY,NEW JERSEY,40,44,-74,4,0
JERUSALEM,ISRAEL,31,47,35,13,+2
JINJA,UGANDA,0,27,33,14,+3
JOHANNESBURG,SOUTH AFRICA,-26,10,28,2,+2
JOHNSTOWN,PENNSYLVANIA,40,20,-78,55,0
JOHORE BAHRU,MALAYSIA,1,29,103,44,+8
JONKOPING,SWEDEN,57,45,14,10,+1
JUMLA,NEPAL,29,17,82,10,+6
JURONG,SINGAPORE,1,21,103,42,+7
KABUL,AFGHANISTAN,34,30,69,13,+5
KAESONG,NORTH KOREA,37,59,126,30,+9
KALAMAZOO,MICHIGAN,42,17,-85,35,0
KAMPALA,UGANDA,0,20,32,35,+3
KANANGA,ZAIRE,-5,53,22,26,+2
KANDY,SRI LANKA,7,17,80,40,+6
KANKAN,GUINEA,10,23,-9,18,0
KANO,NIGERIA,12,0,8,30,+1
KANPUR,INDIA,26,27,80,14,+6
KANSAS CITY,KANSAS,39,7,-94,38,0
KANSAS CITY,MISSOURI,39,5,-94,35,0
KAOHSIUNG,TAIWAN,22,38,120,17,+8
KAOLACK,SENEGAL,14,9,-16,8,0
KARACHI,PAKISTAN,24,52,67,3,+5
KARL MARX STADT,GERMANY,50,50,12,55,+1
KARONGA,MALAWI,-9,54,35,55,+2
KATHMANDU,NEPAL,27,42,85,20,+6
KATOWICE,POLAND,50,15,18,59,+1
KAVALA,GREECE,41,5,24,55,+2
KAWASAKI,JAPAN,35,32,139,41,+9
KAYES,MALI,14,26,-11,28,0
KAZAN,USSR,55,45,49,0,+4
KEELUNG,TAIWAN,25,8,121,44,+8
KEETMANSHOOP,NAMIBIA,-26,36,18,8,+2
KENITRA,MOROCCO,34,20,-6,34,+1
KEY WEST,FLORIDA,24,33,-81,48,0
KHAMIS-MUSHAIT,SAUDI ARABIA,18,19,42,45,+3
KHARKOV,USSR,50,0,36,15,+3
KHARTOUM,SUDAN,15,36,32,32,+2
KIEV,USSR,50,26,30,31,+3
KIGALI,RWANDA,-1,56,30,4,+2
KINGSTON,JAMAICA,18,0,-76,48,-5
KINGSTOWN,ST. VINCENT,13,12,-61,14,-4
KINSHASA,ZAIRE,-4,18,15,18,+1
KIRKUK,IRAQ,35,28,44,26,+3
KISANGANI,ZAIRE,0,33,25,14,+2
KISUMU,KENYA,0,8,34,47,+3
KITAKYUSHU,JAPAN,33,52,130,49,+9
KITCHENER,CANADA,43,27,-80,30,-5
KITWE,ZAMBIA,-12,50,28,11,+2
KLAGENFURT,AUSTRIA,46,38,14,20,+1
KNOXVILLE,TENNESSEE,35,58,-83,55,0
KOBE,JAPAN,34,40,135,12,+9
KOLDING,DENMARK,55,29,9,30,+1
KONIZ,SWITZERLAND,46,56,7,25,+1
KORTRIJK,BELGIUM,50,50,3,17,+1
KOSICE,CZECHOSLOVAKIA,48,44,21,15,+1
KOTA BAHRU,MALAYSIA,6,7,102,15,+8
KOWLOON,HONG KONG,22,20,114,15,+8
KRAKOW,POLAND,50,5,19,55,+1
KRISTIANSAND,NORWAY,58,8,8,1,+1
KUALA LUMPUR,MALAYSIA,3,1,101,42,+8
KUALA TRENGGANU,MALAYSIA,5,20,103,7,+8
KUMASI,GHANA,6,45,-1,35,0
KUOPIO,FINLAND,62,54,27,40,+2
KUWAIT,KUWAIT,29,20,47,59,+3
KUYBYSHEV,USSR,53,12,50,9,+4
KWANGJU,SOUTH KOREA,35,7,126,52,+9
KYOTO,JAPAN,35,2,135,45,+9
LA CEIBA,HONDURAS,15,45,-86,45,-6
LA CHORRERA,PANAMA,8,51,-79,46,-5
LA CROSSE,WISCONSIN,43,48,-91,15,0
LA PAZ,BOLIVIA,-16,30,-68,9,-4
LA PLATA,ARGENTINA,-44,55,-71,50,-3
LA ROMANA,DOMINICAN REPUBLIC,18,27,-68,57,-4
LAAYOUNE,WESTERN SAHARA,27,10,-13,11,0
LABE,GUINEA,11,19,-12,17,0
LAE,PAPUA NEW GUINEA,-6,45,147,0,+10
LAGOS,NIGERIA,6,26,3,32,+1
LAHORE,PAKISTAN,31,34,74,22,+5
LAHTI,FINLAND,61,0,25,40,+2
LANCASTER,PENNSYLVANIA,40,2,-76,18,0
LANSING,MICHIGAN,42,44,-84,33,0
LAREDO,TEXAS,27,30,-99,30,0
LARISSA,GREECE,39,38,22,25,+2
LAS CRUCES,NEW MEXICO,32,19,-106,47,0
LAS PALMAS,CANARY ISLANDS,28,6,-15,24,+1
LAS PIEDRAS,URUGUAY,-34,42,-56,14,-3
LAS VEGAS,NEVADA,36,10,-115,9,0
LATAKAIA,SYRIA,35,31,35,47,+3
LAUSANNE,SWITZERLAND,46,32,6,39,+1
LAWRENCE,KANSAS,38,58,-95,14,0
LAWRENCE,MASSACHUSETTS,42,42,-71,10,0
LE HAVRE,FRANCE,49,30,0,6,+1
LEEDS,UNITED KINGDOM,53,50,-1,35,0
LEIPZIG,GERMANY,51,20,12,25,+1
LENINGRAD,USSR,59,55,30,15,+3
LEON,MEXICO,21,7,-101,40,-6
LEWISTON,MAINE,44,6,-70,13,0
LEXINGTON,KENTUCKY,38,3,-84,30,0
LIBEREC,CZECHOSLOVAKIA,50,48,15,5,+1
LIBREVILLE,GABON,0,30,9,25,+1
LIEGE,BELGIUM,50,38,5,35,+1
LILONGWE,MALAWI,-13,58,33,49,+2
LIMA,PERU,-12,3,-77,3,-5
LIMASSOL,CYPRUS,34,40,33,3,+2
LIMERICK,IRELAND,52,40,-8,38,0
LIMON,COSTA RICA,10,0,-83,1,-6
LINCOLN,NEBRASKA,40,49,-96,42,0
LINDEN,GUYANA,5,59,-58,19,-3
LINKOPING,SWEDEN,58,25,15,35,+1
LINZ,AUSTRIA,48,19,14,18,+1
LISBON,PORTUGAL,38,43,-9,8,0
LITTLE ROCK,ARKANSAS,34,45,-92,17,0
LIVERPOOL,ENGLAND,53,23,-3,0,0
LJUBLJANA,YUGOSLAVIA,46,4,14,30,+1
LODZ,POLAND,51,49,19,28,+1
LOME,TOGO,6,8,1,13,0
LONDON,ENGLAND,51,31,0,5,0
LONG BEACH,CALIFORNIA,33,46,-118,11,0
LOS ANGELES,CALIFORNIA,34,3,-118,14,0
LOUISVILLE,KENTUCKY,38,15,-85,46,0
LOWELL,MASSACHUSETTS,42,38,-71,19,0
LUANDA,ANGOLA,-8,50,13,15,+1
LUANG PRABANG,LAOS,19,53,102,10,+7
LUBANGO,ANGOLA,-14,55,13,30,+1
LUBBOCK,TEXAS,33,35,-101,51,0
LUBLIN,POLAND,51,18,22,31,+1
LUBUMBASHI,ZAIRE,-11,41,27,29,+2
LUSAKA,ZAMBIA,-15,25,28,17,+2
LUXEMBOURG,LUXEMBOURG,49,36,6,7,+1
LUZERN,SWITZERLAND,47,2,7,55,+1
LYNCHBURG,VIRGINIA,37,25,-79,9,0
LYONS,FRANCE,45,45,4,51,+1
MAASTRICHT,BELGIUM,50,51,5,42,+1
MACAO,MACAO,22,12,113,32,+8
MACHALA,ECUADOR,-3,20,-79,57,-5
MACHAZE,MOZAMBIQUE,-20,51,33,26,+2
MACON,GEORGIA,32,50,-83,38,0
MADISON,WISCONSIN,43,4,-89,23,0
MADRAS,INDIA,13,5,80,17,+6
MADRID,SPAIN,40,24,-3,41,+1
MAGDEBURG,GERMANY,52,8,11,37,+1
MAJUNGA,MADAGASCAR,-15,40,46,20,+3
MALABO,EQUATORIAL GUINEA,3,45,8,48,+1
MALAGA,SPAIN,36,43,-4,25,+1
MALANG,INDONESIA,-7,59,112,45,+7
MALDEN BRIDGE,NEW YORK,42,28,-73,38,0
MALE,MALDIVES,4,0,73,28,+5
MALMO,SWEDEN,55,36,13,0,+1
MANAGUA,NICARAGUA,12,9,-86,17,-6
MANAMA,BAHRAIN,26,12,50,38,+3
MANAUS,BRAZIL,-3,8,-60,1,-3
MANCHESTER,ENGLAND,53,28,-2,14,0
MANCHESTER,NEW HAMPSHIRE,42,59,-71,28,0
MANDALAY,BURMA,21,57,96,4,+7
MANILA,PHILIPPINES,14,36,120,59,+8
MANIZALES,COLOMBIA,5,3,-75,32,-5
MANTA,ECUADOR,0,59,-80,44,-5
MAPUTO,MOZAMBIQUE,-25,58,32,35,+2
MAR DEL PLATA,ARGENTINA,-38,0,-57,33,-3
MARACAIBO,VENEZUELA,10,40,-71,37,-4
MARACAY,VENEZUELA,10,15,-67,36,-4
MARADI,NIGER,13,29,7,10,+1
MAROUA,CAMEROON,10,35,14,20,+1
MARRAKECH,MOROCCO,31,49,-8,0,+1
MARSEILLES,FRANCE,43,18,5,24,+1
MASERU,LESOTHO,-29,19,27,29,+2
MASHAD,IRAN,36,41,52,39,+4
MAZAR-I-SHARIF,AFGHANISTAN,36,42,67,6,+5
MBABANE,SWAZILAND,-26,20,31,8,+2
MBALE,UGANDA,1,4,4,12,+3
MBUJI-MAYI,ZAIRE,-6,10,23,39,+2
MECCA,SAUDI ARABIA,21,27,39,49,+3
MECHELEN,BELGIUM,51,2,4,29,+1
MEDAN,INDONESIA,3,35,98,39,+7
MEDELLIM,COLUMBIA,6,15,-74,35,-5
MEDINA,SAUDI ARABIA,24,30,39,35,+3
MEKNES,MOROCCO,33,53,-5,37,+1
MELBOURNE,AUSTRALIA,-37,50,145,0,+10
MELBOURNE,FLORIDA,28,5,-80,36,0
MEMPHIS,TENNESSEE,35,9,-90,3,0
MENDOZA,ARGENTINA,-32,53,-68,49,-3
MERIDA,MEXICO,20,58,-89,37,-6
MERIDIAN,MISSISSIPPI,32,22,-88,42,0
MEXICALI,MEXICO,32,36,-115,30,-8
MEXICO CITY,MEXICO,19,24,-99,9,-6
MIAMI,FLORIDA,25,47,-80,12,0
MIDDLETOWN,OHIO,39,31,-84,24,0
MIDLAND,TEXAS,32,0,-102,5,0
MILAN,ITALY,45,28,9,12,+1
MILWAUKEE,WISCONSIN,43,2,-87,54,0
MINDELO,CAPE VERDE,16,54,-25,0,-1
MINNEAPOLIS,MINNESOTA,44,59,-93,16,0
MINSK,USSR,53,54,27,34,+3
MISKOLC,HUNGARY,48,7,20,47,+1
MOBILE,ALABAMA,30,42,-88,3,0
MOGADISHU,SOMALIA,2,2,45,21,+3
MOMBASA,KENYA,-4,4,39,40,+3
MONACO,MONACO,43,44,7,25,+1
MONROE,LOUISIANA,32,30,-92,7,0
MONROVIA,LIBERIA,6,20,-10,46,0
MONS,BELGIUM,50,28,3,58,+1
MONTE CARLO,MONACO,43,44,7,25,+1
MONTEGO BAY,JAMAICA,18,27,-77,56,-5
MONTERREY,MEXICO,25,40,-100,19,-6
MONTEVIDEO,URUGUAY,-34,53,-56,11,-3
MONTGOMERY,ALABAMA,32,23,-86,19,0
MONTPELLIER,FRANCE,43,36,3,53,+1
MONTREAL,CANADA,45,30,-73,35,-5
MOPTI,MALI,14,29,-4,10,0
MORATUWA,SRI LANKA,6,47,79,53,+6
MORONI,COMOROS,-11,40,43,16,+3
MOSCOW,USSR,55,45,37,35,+3
MOSUL,IRAQ,36,21,43,8,+3
MOULMEIN,BURMA,16,30,97,39,+7
MOUNT VERNON,NEW YORK,40,55,-73,49,0
MUKALLA,SOUTH YEMEN,14,34,49,7,+3
MULTAN,PAKISTAN,30,10,71,36,+5
MUNCIE,INDIANA,40,11,-85,23,0
MUNICH,GERMANY,48,9,1,35,+1
MUSCAT,OMAN,23,37,58,38,+4
MWANZA,TANZANIA,-2,31,32,56,+3
N'DJAMENA,CHAD,12,10,14,59,+1
NACALA,MOZAMBIQUE,-14,33,40,40,+2
NAGASAKI,JAPAN,32,48,129,55,+9
NAGOYA,JAPAN,35,8,136,53,+9
NAGPUR,INDIA,21,10,79,12,+6
NAIROBI,KENYA,-1,17,36,49,+3
NAKHON RATCHASIMA,THAILAND,15,0,102,6,+7
NAKHON SI THAMMARAT,THAILAND,8,24,99,58,+7
NAKURU,KENYA,0,16,36,4,+3
NAMUR,BELGIUM,50,28,4,52,+1
NANJING,CHINA,32,3,118,47,+8
NANTES,FRANCE,47,13,-1,33,+1
NAPLES,ITALY,40,50,14,15,+1
NASHUA,NEW HAMPSHIRE,42,45,-71,28,0
NASHVILLE,TENNESSEE,36,10,-86,47,0
NASSAU,BAHAMAS,25,5,-77,21,-5
NATCHEZ,MISSISSIPPI,31,34,-91,23,0
NATITINGOU,BENIN,10,17,1,29,+1
NDOLA,ZAMBIA,-13,0,28,39,+2
NEE SOON,SINGAPORE,1,24,103,49,+7
NEW BEDFORD,MASSACHUSETTS,41,38,-70,56,0
NEW DELHI,INDIA,28,36,77,12,+6
NEW HAVEN,CONNECTICUT,41,18,-72,55,0
NEW ORLEANS,LOUISIANA,29,57,-90,4,0
NEW YORK,NEW YORK,40,45,-74,0,0
NEWARK,NEW JERSEY,40,44,-74,10,0
NEWCASTLE,AUSTRALIA,-32,55,151,45,+10
NEWPORT NEWS,VIRGINIA,36,59,-76,25,0
NEWPORT,RHODE ISLAND,41,29,-71,19,0
NHA TRANG,VIETNAM,12,15,109,10,+7
NIAGARA FALLS,NEW YORK,43,6,-79,3,0
NIAMEY,NIGER,13,32,2,5,+1
NICE,FRANCE,43,42,7,15,+1
NICOSIA,CYPRUS,35,11,33,23,+2
NIJMEGEN,NETHERLANDS,51,50,5,52,+1
NIS,YUGOSLAVIA,43,20,21,54,+1
NORFOLK,VIRGINIA,36,51,-76,17,0
NORRKOPING,SWEDEN,58,35,16,10,+1
NORTH POLE,EARTH,89,59,0,0,0
NORWICH,CONNECTICUT,41,31,-72,5,0
NOUADHIBOU,MAURITANIA,20,54,-17,1,0
NOUAKCHOTT,MAURITANIA,18,9,-15,58,0
NOVA IGUACU,BRAZIL,-22,45,-43,28,-3
NOVI SAD,YUGOSLAVIA,45,15,19,51,+1
NOVOSIBIRSK,USSR,55,2,82,55,+7
NUKU'ALOFA,TONGA,-21,9,-175,14,+13
NUREMBERG,GERMANY,49,27,11,5,+1
NZEREKORE,GUINEA,7,45,-8,49,0
OAKLAND,CALIFORNIA,37,48,-122,16,0
ODENSE,DENMARK,55,24,10,25,+1
ODESSA,TEXAS,31,51,-102,22,0
ODESSA,USSR,46,28,30,44,+3
OGBOMOSHO,NIGERIA,8,5,4,11,+1
OGDEN,UTAH,41,14,-111,58,0
OKLAHOMA CITY,OKLAHOMA,35,28,-97,31,0
OLOMOUC,CZECHOSLOVAKIA,49,38,17,15,+1
OMAHA,NEBRASKA,41,16,-95,56,0
OMDURMAN,SUDAN,15,37,32,29,+2
OMSK,USSR,55,0,73,24,+7
OOSTENDE,BELGIUM,51,13,2,55,+1
OPORTO,PORTUGAL,41,9,-8,37,0
ORAN,ALGERIA,35,45,0,38,+1
ORANGE WALK,BELIZE,18,6,-88,31,-6
ORANJESTAD,DUTCH ANTILLES,12,32,-70,2,-4
OREBRO,SWEDEN,59,18,15,5,+1
ORLANDO,FLORIDA,28,33,-81,23,0
ORURO,BOLIVIA,-17,59,-67,8,-4
OSAKA,JAPAN,34,40,135,30,+9
OSHKOSH,WISCONSIN,44,1,-88,33,0
OSIJEK,YUGOSLAVIA,45,33,18,41,+1
OSLO,NORWAY,59,55,10,44,+1
OSTRAVA,CZECHOSLOVAKIA,49,50,18,15,+1
OTTAWA,CANADA,45,25,-75,42,-5
OUAGADOUGOU,UPPER VOLTA,12,22,-1,31,0
OUJDA,MOROCCO,34,41,-1,45,+1
OULU,FINLAND,65,0,25,26,+2
OWENSBORO,KENTUCKY,37,46,-87,7,0
OXFORD,ENGLAND,51,45,-1,15,0
PADANG,INDONESIA,-6,12,120,27,+7
PAKSE,LAOS,14,9,105,50,+7
PALEMBANG,INDONESIA,-2,59,104,45,+7
PALERMO,ITALY,38,7,13,22,+1
PALM SPRINGS,CALIFORNIA,33,50,-116,33,0
PALMA DE MALLORCA,SPAIN,39,35,2,39,+1
PANAMA CITY,PANAMA,8,57,-79,32,-5
PANCHIAO,TAIWAN,25,1,121,27,+8
PAPEETE,TAHITI,-17,32,-149,34,-12
PARAMARIBO,SURINAME,5,50,-55,13,-3
PARIS,FRANCE,48,52,2,20,+1
PASADENA,CALIFORNIA,34,9,-118,9,0
PASAY CITY,PHILIPPINES,14,33,121,0,+8
PATERSON,NEW JERSEY,40,55,-74,10,0
PATRAS,GREECE,38,14,21,44,+2
PAU,FRANCE,43,18,0,22,+1
PAYSANDU,URUGUAY,-32,21,-58,5,-3
PECS,HUNGARY,46,4,18,15,+1
PEDRO JUAN CABALLERO,PARAGUAY,-22,30,-55,44,-4
PENSACOLA,FLORIDA,30,25,-87,13,0
PEORIA,ILLINOIS,40,42,-89,36,0
PEREIRA,COLOMBIA,4,47,-75,46,-5
PERM,USSR,58,0,56,15,+5
PERTH,AUSTRALIA,-31,56,115,50,+8
PETACH-TIKVA,ISRAEL,31,52,34,55,+2
PETANGE,LUXEMBOURG,49,33,5,53,+1
PETERSBURG,VIRGINIA,37,14,-77,24,0
PHILADELPHIA,PENNSYLVANIA,39,57,-75,9,0
PHNOM PENH,CAMBODIA,11,33,104,55,+7
PHOENIX,ARIZONA,33,27,-112,4,0
PINE BLUFF,ARKANSAS,34,13,-92,1,0
PIRAEUS,GREECE,37,57,23,42,+2
PITTSBURGH,PENNSYLVANIA,40,26,-80,0,0
PITTSFIELD,MASSACHUSETTS,42,27,-73,15,0
PIURA,PERU,-5,15,-80,38,-5
PLOVDIV,BULGARIA,42,8,24,45,+2
PLYMOUTH,ENGLAND,50,23,-4,6,0
PLZEN,CZECHOSLOVAKIA,49,45,13,25,+1
POCATELLO,IDAHO,42,52,-112,27,0
POINTE-NOIRE,CONGO,-4,46,11,53,+1
PORI,FINLAND,61,28,21,45,+2
PORT ARTHUR,TEXAS,29,54,-93,56,0
PORT AU PRINCE,HAITI,18,32,-72,20,-5
PORT ELIZABETH,SOUTH AFRICA,-33,58,25,36,+2
PORT GENTIL,GABON,0,40,8,50,+1
PORT LOUIS,MAURITIUS,-20,10,57,30,+4
PORT MORESBY,PAPUA NEW GUINEA,-9,29,147,8,+10
PORT OF SPAIN,TRINIDAD,10,39,-61,31,-4
PORT SAID,EGYPT,31,17,32,18,+2
PORT SUDAN,SUDAN,19,38,37,7,+2
PORT VILA,VANUATU,-17,45,168,18,+11
PORTLAND,MAINE,43,40,-70,15,0
PORTLAND,OREGON,45,31,-122,41,0
PORTO ALEGRE,BRAZIL,-8,58,-67,48,-3
PORTO NOVO,BENIN,6,30,2,47,+1
PORTO PRAIA,CAPE VERDE,14,55,-23,30,-1
PORTOVIEJO,ECUADOR,-1,7,-80,28,-5
PORTSMOUTH,DOMINICA,15,34,-61,27,-4
POTOSI,BOLIVIA,-19,35,-65,45,-4
POTSDAM,GERMANY,52,24,13,4,+1
POUGHKEEPSIE,NEW YORK,41,42,-73,56,0
POZNAN,POLAND,52,25,16,53,+1
PRAGUE,CZECHOSLOVAKIA,50,4,14,27,+1
PRETORIA,SOUTH AFRICA,-25,45,28,12,+2
PROVIDENCE,RHODE ISLAND,41,50,-71,25,0
PROVO,UTAH,40,14,-111,39,0
PUEBLA DE ZARAGOZA,MEXICO,28,31,-100,54,-6
PUEBLA,MEXICO,19,3,-98,12,-6
PUEBLO,COLORADO,38,16,-104,37,0
PUERTO BARRIOS,GUATEMALA,15,41,-88,32,-6
PUERTO PLATA,DOMINICAN REPUBLIC,19,48,-70,41,-4
PUERTO STROESSNER,PARAGUAY,-25,32,-54,34,-4
PUNE,INDIA,18,34,73,58,+6
PUNTARENAS,COSTA RICA,10,0,-84,50,-6
PUSAN,SOUTH KOREA,35,6,129,3,+9
PYONGYANG,NORTH KOREA,39,1,125,45,+9
PYUTHAN,NEPAL,28,5,82,53,+6
QANDAHAR,AFGHANISTAN,31,35,65,45,+5
QUEBEC,CANADA,46,49,-71,13,-5
QUEZALTENANGO,GUATEMALA,14,50,-91,30,-6
QUEZON CITY,PHILIPPINES,14,39,121,2,+8
QUI NHON,VIETNAM,13,47,109,11,+7
QUITO,ECUADOR,0,13,-78,30,-5
RABAT,MOROCCO,34,2,-6,51,+1
RABAUL,PAPUA NEW GUINEA,-4,13,152,11,+10
RAKKA,SYRIA,35,57,39,3,+3
RALEIGH,NORTH CAROLINA,35,47,-78,38,0
RAMAT GAN,ISRAEL,32,4,34,48,+2
RANCAGUA,CHILE,-34,10,-70,45,-4
RANDERS,DENMARK,56,28,10,3,+1
RANGOON,BURMA,16,47,96,10,+7
RAPID CITY,SOUTH DAKOTA,44,5,-103,14,0
RAWALPINDI,PAKISTAN,33,40,73,8,+5
RECIFE,BRAZIL,-8,6,-34,53,-3
REGINA,CANADA,50,25,-104,39,0
REMICH,LUXEMBOURG,49,33,6,23,+1
RENO,NEVADA,39,31,-119,49,0
REYKJAVIK,ICELAND,64,9,-21,57,0
RICHMOND,VIRGINIA,37,32,-77,26,0
RIGA,USSR,56,57,24,6,+2
RIO DE JANEIRO,BRAZIL,-22,54,-43,14,-3
RIVERA,URUGUAY,-31,0,-55,50,-3
RIVERSIDE,CALIFORNIA,33,59,-117,22,0
RIYADH,SAUDI ARABIA,24,38,46,43,+3
ROANOKE,VIRGINIA,37,16,-79,57,0
ROCHESTER,MINNESOTA,44,1,-92,28,0
ROCHESTER,NEW YORK,43,10,-77,36,0
ROCK ISLAND,ILLINOIS,41,29,-90,34,0
ROCKFORD,ILLINOIS,42,17,-89,6,0
ROME,ITALY,41,54,12,29,+1
ROODEPOORT,SOUTH AFRICA,-26,10,27,53,+2
ROSARIO,ARGENTINA,-32,57,-60,40,-3
ROSEAU,DOMINICA,15,18,-61,23,-4
ROSKILDE,DENMARK,55,39,12,7,+1
ROSTOCK,GERMANY,54,5,12,8,+1
ROSTOV NA DONU,USSR,47,14,39,42,+3
ROTTERDAM,NETHERLANDS,51,55,4,29,+1
RUSE,BULGARIA,43,50,27,59,+2
SAARBRUCKEN,GERMANY,49,14,7,0,+1
SACRAMENTO,CALIFORNIA,38,35,-121,30,0
SAFI,MOROCCO,32,18,-9,20,+1
SAGINAW,MICHIGAN,43,26,-83,56,0
SAINT AUGUSTINE,FLORIDA,29,53,-81,19,0
SAINT CATHARINE'S,CANADA,43,10,-79,15,0
SAINT-ETIENNE,FRANCE,45,26,4,23,+1
SAINT JOHN'S,CANADA,47,33,-52,43,-4
SAINT JOSEPH,MISSOURI,39,46,-94,51,0
SAINT LOUIS,MISSOURI,38,38,-90,12,0
SAINT-LOUIS,SENEGAL,16,1,-16,30,0
SAINT PAUL,MINNESOTA,44,57,-93,6,0
SAINT PETERSBURG,FLORIDA,27,46,-82,38,0
SALEM,MASSACHUSETTS,42,31,-70,53,0
SALEM,OREGON,44,56,-123,2,0
SALINAS,CALIFORNIA,36,40,-121,39,0
SALIYAN,NEPAL,28,21,82,11,+6
SALT LAKE CITY,UTAH,40,45,-111,53,0
SALTA,ARGENTINA,-24,47,-65,25,-3
SALTO,URUGUAY,-31,27,-57,50,-3
SALVADOR,BRAZIL,-12,59,-38,31,-3
SALZBURG,AUSTRIA,47,48,13,3,+1
SAN ANTONIO,TEXAS,29,26,-98,29,0
SAN BERNARDINO,CALIFORNIA,34,6,-117,17,0
SAN CRISTOBAL,VENEZUELA,7,46,-72,15,-4
SAN DIEGO,CALIFORNIA,32,43,-117,9,0
SAN FRANCISCO,CALIFORNIA,37,47,-122,25,0
SAN JOSE,CALIFORNIA,37,20,-121,53,0
SAN JOSE,COSTA RICA,9,56,-84,5,-6
SAN JUAN,ARGENTINA,-31,32,-68,31,-3
SAN JUAN,DOMINICAN REPUBLIC,18,49,-71,12,-4
SAN JUAN,PUERTO RICO,18,28,-66,7,-5
SAN LORENZO,PARAGUAY,-25,20,-57,32,-4
SAN LUIS POTOSI,MEXICO,22,9,-100,59,-6
SAN MARINO,SAN MARINO,43,55,12,28,+1
SAN MIGUEL DE TUCUMAN,ARGENTINA,-26,47,-65,15,-3
SAN MIGUEL,EL SALVADOR,13,28,-88,10,-6
SAN PEDRO SULA,HONDURAS,15,26,-88,1,-6
SAN SALVADOR,EL SALVADOR,13,42,-89,12,-6
SANA,NORTH YEMEN,15,23,44,12,+3
SANKT POELTEN,AUSTRIA,48,13,15,37,+1
SANTA ANA,EL SALVADOR,14,0,-89,31,-6
SANTA BARBARA,CALIFORNIA,34,25,-119,42,0
SANTA CLARA,CUBA,22,25,-79,58,-5
SANTA CRUZ,BOLIVIA,-17,48,-63,10,-4
SANTA FE,ARGENTINA,-31,35,-60,41,-3
SANTA FE,NEW MEXICO,35,41,-105,56,0
SANTA ROSA,CALIFORNIA,38,26,-122,43,0
SANTIAGO,CHILE,-33,27,-70,40,-4
SANTIAGO DE CUBA,CUBA,20,0,-75,49,-5
SANTIAGO,DOMINICAN REPUBLIC,19,30,-70,40,-4
SANTIAGO,PANAMA,8,8,-80,59,-5
SANTO DOMINGO,DOMINICAN REPUBLIC,18,28,-69,54,-4
SAO PAULO,BRAZIL,-23,32,-46,37,-3
SAO TOME,SAO TOME & PRINCIPE,0,12,6,43,0
SAPPORO,JAPAN,43,3,141,21,+9
SARAJEVO,YUGOSLAVIA,43,50,18,25,+1
SARH,CHAD,9,8,18,22,+1
SAVANNAH,GEORGIA,32,5,-81,6,0
SAVANNAKHET,LAOS,16,34,104,45,+7
SCHENECTADY,NEW YORK,42,49,-73,57,0
SCRANTON,PENNSYLVANIA,41,25,-75,40,0
SEATTLE,WASHINGTON,47,37,-122,20,0
SEGOU,MALI,13,28,-6,18,0
SEMARA,WESTERN SAHARA,26,48,-11,41,0
SEMARANG,INDONESIA,-6,58,110,29,+7
SEOUL,SOUTH KOREA,37,34,127,0,+9
SERANGOON,SINGAPORE,1,23,103,55,+7
SERRES,GREECE,41,5,23,31,+2
SETIF,ALGERIA,36,11,5,24,+1
SETUBAL,PORTUGAL,38,31,-8,54,0
SEVILLE,SPAIN,37,23,-5,59,+1
SFAX,TUNISIA,34,45,10,43,+1
SHANGHAI,CHINA,31,14,121,28,+8
SHARJAH,UNITED ARAB EMIRATES,25,20,55,26,+4
SHEFFIELD,ENGLAND,53,23,-1,30,0
SHENYANG,CHINA,41,50,123,26,+8
SHIRAZ,IRAN,29,38,52,34,+4
SHKODER,ALBANIA,42,3,19,1,+1
SHOUBRA EL-KHEIMA,EGYPT,30,6,31,15,+2
SHREVEPORT,LOUISIANA,32,31,-93,45,0
SIDI-BEL-ABBES,ALGERIA,35,15,0,39,+1
SIGUIRI,GUINEA,11,28,-9,7,0
SIKASSO,MALI,11,18,-5,38,0
SINGAPORE,SINGAPORE,1,17,103,51,+7
SIOUX CITY,IOWA,42,30,-96,24,0
SIOUX FALLS,SOUTH DAKOTA,43,33,-96,44,0
SKOPJE,YUGOSLAVIA,42,0,21,29,+1
SLIEMA,MALTA,35,55,14,31,+1
SOFIA,BULGARIA,42,41,23,19,+2
SOKODE,TOGO,8,59,1,11,0
SONGKHLA,THAILAND,7,12,100,35,+7
SOSNOWIEC,POLAND,50,16,19,7,+1
SOUTH BEND,INDIANA,41,41,-86,15,0
SOUTH POLE,EARTH,-89,59,0,0,0
SOUTHAMPTON,ENGLAND,50,54,-1,23,0
SPARTANBURG,SOUTH CAROLINA,34,56,-81,57,0
SPLIT,YUGOSLAVIA,43,31,16,28,+1
SPOKANE,WASHINGTON,47,40,-117,26,0
SPRINGFIELD,ILLINOIS,39,48,-89,39,0
SPRINGFIELD,MASSACHUSETTS,42,6,-72,36,0
SPRINGFIELD,MISSOURI,37,13,-93,18,0
ST. CATHARINE'S,CANADA,45,24,-73,34,-5
ST. GALLEN,SWITZERLAND,47,25,9,23,+1
ST. GEORGE,BERMUDA,32,24,-64,42,-4
ST. GEORGE'S,GRENADA,12,4,-61,44,-4
ST. JOHN'S,ANTIGUA,17,8,-61,50,-4
ST. LAURENT,FRENCH GUIANA,5,29,-54,3,-3
STAMFORD,CONNECTICUT,41,3,-73,32,0
STARA ZAGORA,BULGARIA,42,25,25,37,+2
STAVANGER,NORWAY,58,58,5,45,+1
STEYR,AUSTRIA,48,4,14,25,+1
STOCKHOLM,SWEDEN,59,20,18,3,+1
STOCKTON,CALIFORNIA,37,57,-121,17,0
STRASBOURG,FRANCE,48,35,7,45,+1
STUTTGART,GERMANY,48,46,9,11,+1
SUCRE,BOLIVIA,-19,2,-65,17,-4
SUDBURY,CANADA,46,30,-81,0,-5
SUEZ,EGYPT,29,59,32,33,+2
SUNNYVALE,CALIFORNIA,37,23,-122,2,0
SURABAYA,INDONESIA,-7,14,112,45,+7
SURAKARTA,INDONESIA,-7,32,110,50,+7
SUVA,FIJI,-18,8,178,25,+12
SVERDLOVSK,USSR,56,51,60,36,+5
SYDNEY,AUSTRALIA,-33,53,151,12,+10
SYRACUSE,NEW YORK,43,3,-76,9,0
SZCZECIN,POLAND,53,25,14,32,+1
SZEGED,HUNGARY,46,15,20,9,+1
TABOUK,SAUDI ARABIA,28,22,36,32,+3
TABRIZ,IRAN,38,5,46,18,+4
TACOMA,WASHINGTON,47,15,-122,26,0
TAEJON,SOUTH KOREA,36,20,127,26,+9
TAHOUA,NIGER,14,57,5,19,+1
TAICHUNG,TAIWAN,24,9,120,40,+8
TAIF,SAUDI ARABIA,21,15,40,21,+3
TAINAN,TAIWAN,23,1,120,14,+8
TAIPEI,TAIWAN,25,3,121,30,+8
TAIZZ,NORTH YEMEN,13,35,44,2,+3
TALCA,CHILE,-35,28,-71,40,-4
TALCAHUANO,CHILE,-36,40,-73,10,-4
TALLAHASSEE,FLORIDA,30,27,-84,17,0
TAMALE,GHANA,9,26,0,49,0
TAMPA,FLORIDA,27,57,-82,27,0
TAMPERE,FINLAND,61,32,23,45,+2
TAMPICO,MEXICO,22,13,-97,51,-5
TANGA,TANZANIA,-5,7,30,50,+3
TANGIER,MOROCCO,35,48,-5,50,+1
TANTA,EGYPT,30,48,31,0,+2
TARAWA,KIRIBATI,1,30,173,0,-11
TASHKENT,USSR,41,20,69,18,+6
TAUNGGYI,BURMA,20,55,96,53,+7
TBILISI,USSR,41,42,44,45,+3
TEGUCIGALPA,HONDURAS,14,6,-87,13,-6
TEHRAN,IRAN,35,40,51,26,+4
TEL AVIV,ISRAEL,32,5,34,46,+2
TEMPE,ARIZONA,33,25,-111,56,0
TEMUCO,CHILE,-38,45,-72,40,-4
TERRE HAUTE,INDIANA,39,28,-87,24,0
TETOUAN,MOROCCO,35,34,-5,22,+1
THE HAGUE,NETHERLANDS,52,4,4,19,+1
THESSALONIKI,GREECE,40,38,22,58,+2
THIES,SENEGAL,14,49,-16,52,0
THIMPHU,BHUTAN,27,32,89,45,+6
THUN,SWITZERLAND,46,46,7,38,+1
TIANJIN,CHINA,39,8,117,12,+8
TIJUANA,MEXICO,32,32,-117,1,-8
TILBURG,NETHERLANDS,51,34,5,5,+1
TIMBUKTU,MALI,16,46,-3,1,0
TIMISOARA,ROMANIA,45,45,21,15,+2
TIRANE,ALBANIA,41,20,19,50,+1
TLEMCEN,ALGERIA,34,53,-1,21,+1
TOAMASINA,MADAGASCAR,-18,10,49,23,+3
TOKYO,JAPAN,35,42,139,46,+9
TOLEDO,OHIO,41,39,-83,33,0
TOLIARY,MADAGASCAR,-23,20,43,41,+3
TOPEKA,KANSAS,39,3,-95,40,0
TORONTO,CANADA,43,39,-79,23,-5
TORREON,MEXICO,25,33,-103,26,-6
TOULOUSE,FRANCE,43,37,1,27,+1
TOURS,FRANCE,47,23,0,41,+1
TRENTON,NEW JERSEY,40,13,-74,46,0
TRIPOLI,LEBANON,34,27,35,50,+2
TRIPOLI,LIBYA,32,54,13,11,+1
TRONDHEIM,NORWAY,63,25,10,25,+1
TROY,NEW YORK,42,44,-73,41,0
TRUJILLO,PERU,-8,7,-79,2,-5
TSUMEB,NAMIBIA,-19,13,17,42,+2
TUCSON,ARIZONA,32,13,-110,58,0
TULSA,OKLAHOMA,36,9,-96,0,0
TUNIS,TUNISIA,36,48,10,12,+1
TURIN,ITALY,45,3,7,40,+1
TURKU,FINLAND,60,27,22,15,+2
TUSCALOOSA,ALABAMA,33,12,-87,34,0
UJUNG PANDANG,INDONESIA,-5,9,119,28,+8
ULAN BATOR,MONGOLIA,47,55,106,53,+8
UMHLAZI,SOUTH AFRICA,-29,53,31,0,+2
UPPSALA,SWEDEN,59,55,17,38,+1
UTICA,NEW YORK,43,6,-75,14,0
UTRECHT,NETHERLANDS,52,6,5,7,+1
VADUZ,LIECHTENSTEIN,47,8,9,32,+1
VALENCIA,SPAIN,39,28,0,22,+1
VALENCIA,VENEZUELA,10,11,-68,0,-4
VALLADOLID,SPAIN,41,39,-4,45,+1
VALLETTA,MALTA,35,54,14,32,+1
VALPARAISO,CHILE,-33,5,-71,40,-4
VANCOUVER,CANADA,49,17,-123,7,-8
VANTAA,FINLAND,60,18,24,57,+2
VARNA,BULGARIA,43,12,27,57,+2
VASTERAS,SWEDEN,59,36,16,32,+1
VEJLE,DENMARK,55,43,9,33,+1
VENICE,ITALY,45,27,12,21,+1
VERA CRUZ,MEXICO,19,12,-96,8,-6
VICTORIA,CANADA,48,25,-123,22,-7
VICTORIA,HONG KONG,22,16,114,13,+8
VICTORIA,SEYCHELLES,-4,38,55,28,+4
VIENNA,AUSTRIA,48,12,16,22,+1
VIENTIANE,LAOS,17,58,102,36,+7
VILA NOVA DE GAIA,PORTUGAL,41,4,-8,40,0
VILLACH,AUSTRIA,46,37,13,51,+1
VINA DEL MAR,CHILE,-33,2,-71,35,-4
VINELAND,NEW JERSEY,39,29,-75,2,0
VLADIVOSTOK,USSR,43,8,131,54,+9
VOLGOGRAD,USSR,48,45,44,25,+3
VOLOS,GREECE,39,22,22,57,+2
WACO,TEXAS,31,33,-97,8,0
WADI MEDANI,SUDAN,14,24,33,3,+2
WARSAW,POLAND,52,15,21,0,+1
WARWICK,RHODE ISLAND,41,42,-71,27,0
WASHINGTON,D.C.,38,54,-77,1,0
WATERBURY,CONNECTICUT,41,33,-73,3,0
WATERFORD,IRELAND,52,15,-7,6,0
WATERLOO,IOWA,42,30,-92,20,0
WELLINGTON,NEW ZEALAND,-41,28,174,51,+12
WELS,AUSTRIA,48,10,14,2,+1
WEST PALM BEACH,FLORIDA,26,43,-80,3,0
WHEELING,WEST VIRGINIA,40,4,-80,43,0
WICHITA FALLS,TEXAS,33,55,-98,29,0
WICHITA,KANSAS,37,41,-97,20,0
WILKES BARRE,PENNSYLVANIA,41,15,-75,53,0
WILLEMSTAD,CURACAO,12,6,-68,57,-4
WILLIAMSBURG,VIRGINIA,37,16,-76,42,0
WILLISTON,NORTH DAKOTA,48,11,-103,37,0
WILMINGTON,DELAWARE,39,45,-75,33,0
WILMINGTON,NORTH CAROLINA,34,14,-77,55,0
WINDHOEK,NAMIBIA,-22,34,17,6,+2
WINDSOR,CANADA,42,18,-83,1,-5
WINNIPEG,CANADA,49,53,-97,9,-6
WINSTON SALEM,NORTH CAROLINA,36,6,-80,15,0
WINTERTHUR,SWITZERLAND,47,30,8,45,+1
WOLLONGONG,AUSTRALIA,-17,13,137,57,+10
WORCESTER,MASSACHUSETTS,42,16,-71,48,0
WROCLAW,POLAND,51,5,17,0,+1
WUHAN,CHINA,36,45,114,15,+8
XIAN,CHINA,34,16,108,54,+8
YAKIMA,WASHINGTON,46,36,-120,31,0
YAOUNDE,CAMEROON,3,51,11,31,+1
YAREN,NAURU,-1,50,167,10,+12
YEREVAN,USSR,40,11,44,30,+3
YOKOHAMA,JAPAN,41,4,141,15,+9
YORK,ENGLAND,53,57,-1,5,0
YORK,PENNSYLVANIA,39,58,-76,44,0
YOUNGSTOWN,PENNSYLVANIA,41,6,-80,39,0
YUNGHU,TAIWAN,24,51,120,3,+8
ZAGAZIG,EGYPT,30,35,31,30,+2
ZAGREB,YUGOSLAVIA,45,48,16,0,+1
ZAMBOANGA,PHILIPPINES,6,55,122,5,+8
ZANZIBAR TOWN,TANZANIA,-6,12,39,12,+3
ZARAGOZA,SPAIN,41,39,0,54,+1
ZARQA,JORDAN,32,4,36,6,+2
ZINDER,NIGER,13,46,8,58,+1
ZINGUINCHOR,SENEGAL,12,35,-16,20,0
ZOMBA,MALAWI,-15,22,35,22,+2
ZURICH,SWITZERLAND,47,22,8,31,+1
